{
    "a_grayscale": false, 
    "b_grayscale": false, 
    "batch_size": 10, 
    "beta1": 0.5, 
    "beta2": 0.999, 
    "cnn_type": 0, 
    "d_num_layer": 5, 
    "data_dir": "", 
    "data_path": "dataset", 
    "dataset": "dataset", 
    "g_num_layer": 3, 
    "input_scale_size": 240, 
    "is_train": true, 
    "load_path": "", 
    "log_dir": "logs", 
    "log_level": "INFO", 
    "log_step": 50, 
    "loss": "log_prob", 
    "lr": 0.0002, 
    "max_step": 500000, 
    "model_dir": "", 
    "num_gpu": 1, 
    "num_log_samples": 3, 
    "num_worker": 12, 
    "optimizer": "adam", 
    "random_seed": 123, 
    "sample_per_image": 64, 
    "save_step": 500, 
    "skip_pix2pix_processing": false, 
    "test_data_path": null, 
    "weight_decay": 0.0001
}